product_id,name,category,price,stock_quantity,supplier,rating,reviews_count
P0001,Stylish Skincare,Groceries,454.56,,Supplier_38,3.3,470.0
P0002,Ultra Snacks,Shoes,384.73,274.0,Supplier_3,4.4,323.0
P0003,Fashion Clothes,Beauty,,,Supplier_39,4.2,323.0
P0004,Stylish Toys,Toys,992.88,166.0,Supplier_6,,428.0
P0005,Elegant Skincare,Clothes,10.63,50.0,Supplier_18,3.8,56.0
P0006,Classic Furniture,Food,937.4,160.0,Supplier_3,3.2,265.0
P0007,Elegant Snacks,Accessories,684.83,173.0,Supplier_3,3.8,181.0
P0008,Fashion Skincare,Toys,911.82,290.0,Supplier_13,,337.0
P0009,Classic Kitchenware,Shoes,,215.0,Supplier_27,4.0,167.0
P0010,Fashion Clothes,Shoes,316.33,135.0,Supplier_21,4.1,47.0
P0011,Elegant Toys,Groceries,174.27,101.0,Supplier_19,3.8,
P0012,Mega Beauty,Bag,500.86,318.0,Supplier_20,4.8,30.0
P0013,Mega Shoes,Cosmetics,95.04,256.0,Supplier_48,3.7,126.0
P0014,Affordable Kitchenware,Beauty,815.79,36.0,Supplier_15,3.9,201.0
P0015,Classic Clothes,Cosmetics,496.06,,Supplier_35,4.3,392.0
P0016,Ultra Cosmetics,Snacks,160.63,,Supplier_11,4.6,44.0
P0017,Mega Bag,Snacks,944.64,161.0,Supplier_47,4.4,62.0
P0018,Super Groceries,Beauty,,,Supplier_7,3.1,407.0
P0019,,Clothes,645.39,493.0,Supplier_35,,409.0
P0020,Stylish Clothes,Snacks,,,Supplier_8,3.1,338.0
P0021,Modern Skincare,Shoes,125.06,73.0,Supplier_10,4.3,368.0
P0022,Fashion Groceries,Bag,732.4,204.0,Supplier_40,4.1,471.0
P0023,Mega Furniture,Bag,850.42,245.0,Supplier_11,3.7,362.0
P0024,Stylish Shoes,Beauty,425.58,440.0,Supplier_36,4.1,41.0
P0025,Super Skincare,Kitchenware,319.18,347.0,Supplier_21,,
P0026,Fashion Skincare,Furniture,639.42,465.0,Supplier_10,4.0,52.0
P0027,Elegant Skincare,Accessories,701.84,62.0,Supplier_5,3.2,123.0
P0028,Ultra Accessories,Kitchenware,,281.0,Supplier_46,4.1,343.0
P0029,Fashion Shoes,Cosmetics,915.17,325.0,Supplier_49,3.8,102.0
P0030,Modern Toys,Beauty,727.79,267.0,,4.0,313.0
P0031,Mega Cosmetics,Clothes,83.71,42.0,Supplier_36,4.7,294.0
P0032,Classic Cosmetics,Skincare,838.0,254.0,Supplier_33,3.7,149.0
P0033,Affordable Food,Bag,568.0,228.0,Supplier_16,3.7,416.0
P0034,Super Beauty,Clothes,590.95,87.0,Supplier_39,4.6,385.0
P0035,Mega Clothes,Accessories,100.77,23.0,Supplier_31,4.4,120.0
P0036,Modern Cosmetics,Toys,566.57,274.0,Supplier_36,4.9,403.0
P0037,,Bag,84.1,334.0,Supplier_18,3.2,485.0
P0038,Premium Cosmetics,Snacks,577.39,111.0,Supplier_23,3.1,18.0
P0039,Elegant Accessories,Snacks,817.26,63.0,Supplier_16,4.9,397.0
P0040,Super Groceries,Accessories,9.77,488.0,Supplier_10,3.3,493.0
P0041,Elegant Clothes,Bag,883.14,41.0,,4.2,431.0
P0042,Ultra Bag,Accessories,820.13,27.0,Supplier_17,3.8,265.0
P0043,Stylish Kitchenware,Groceries,597.16,362.0,Supplier_19,4.6,396.0
P0044,Modern Clothes,Cosmetics,690.97,412.0,Supplier_49,3.4,45.0
P0045,Classic Bag,Groceries,781.34,391.0,Supplier_1,4.2,128.0
P0046,Super Bag,Bag,354.53,390.0,Supplier_11,4.9,
P0047,Super Groceries,Snacks,529.44,86.0,Supplier_10,4.5,363.0
P0048,Fashion Toys,Cosmetics,13.02,404.0,Supplier_4,4.1,323.0
P0049,Elegant Kitchenware,,306.85,198.0,Supplier_47,3.7,217.0
P0050,Super Furniture,Groceries,656.11,91.0,Supplier_14,4.3,69.0
P0051,Mega Clothes,Accessories,741.03,59.0,Supplier_4,4.8,320.0
P0052,Elegant Skincare,Furniture,616.43,318.0,Supplier_11,3.1,370.0
P0053,Elegant Snacks,Accessories,,98.0,Supplier_28,3.9,192.0
P0054,Classic Groceries,Skincare,872.58,442.0,Supplier_30,4.4,331.0
P0055,Stylish Beauty,Kitchenware,80.74,443.0,Supplier_35,5.0,398.0
P0056,Stylish Cosmetics,Food,474.68,83.0,Supplier_35,3.5,499.0
P0057,Mega Kitchenware,Skincare,499.57,180.0,Supplier_36,4.4,453.0
P0058,,Clothes,163.43,302.0,Supplier_41,4.0,499.0
P0059,Affordable Skincare,Toys,491.86,472.0,Supplier_38,4.9,
P0060,Elegant Accessories,Cosmetics,362.09,269.0,Supplier_16,4.3,152.0
P0061,,Cosmetics,921.67,345.0,Supplier_50,4.9,213.0
P0062,Stylish Toys,,130.22,251.0,Supplier_50,4.3,
P0063,,Bag,609.16,385.0,Supplier_17,3.6,77.0
P0064,,Beauty,446.23,413.0,Supplier_10,3.7,315.0
P0065,Premium Snacks,Food,,,Supplier_49,4.5,356.0
P0066,Stylish Food,Accessories,580.98,95.0,Supplier_12,3.9,279.0
P0067,Premium Skincare,Snacks,551.38,417.0,Supplier_25,4.3,335.0
P0068,Stylish Clothes,Cosmetics,,359.0,Supplier_8,3.3,426.0
P0069,Super Accessories,Kitchenware,192.96,151.0,Supplier_14,4.8,492.0
P0070,Modern Kitchenware,Accessories,159.0,290.0,Supplier_5,3.8,177.0
P0071,Ultra Clothes,Beauty,553.83,73.0,Supplier_11,3.5,312.0
P0072,Mega Kitchenware,Beauty,828.95,,,,57.0
P0073,Classic Shoes,Bag,325.38,330.0,Supplier_3,3.4,230.0
P0074,Classic Kitchenware,Furniture,321.13,481.0,Supplier_19,4.2,343.0
P0075,Mega Groceries,Shoes,92.45,21.0,Supplier_50,3.7,352.0
P0076,Elegant Furniture,Groceries,102.34,260.0,Supplier_41,4.1,115.0
P0077,,Cosmetics,457.79,425.0,Supplier_8,3.4,377.0
P0078,Affordable Clothes,Accessories,300.06,240.0,Supplier_8,4.1,242.0
P0079,Elegant Accessories,Beauty,9.39,11.0,Supplier_17,3.3,467.0
P0080,Elegant Accessories,Furniture,172.71,235.0,Supplier_47,3.0,157.0
P0081,Stylish Food,Snacks,867.79,85.0,Supplier_49,3.8,56.0
P0082,Classic Cosmetics,Kitchenware,475.13,468.0,Supplier_25,4.4,426.0
P0083,Mega Furniture,Clothes,268.42,,Supplier_33,4.2,141.0
P0084,Classic Accessories,Snacks,979.28,120.0,Supplier_19,4.1,83.0
P0085,,Toys,845.73,171.0,Supplier_13,,465.0
P0086,Classic Furniture,Accessories,227.19,288.0,Supplier_37,3.8,
P0087,Mega Skincare,Snacks,646.01,176.0,Supplier_39,4.0,324.0
P0088,Mega Snacks,Cosmetics,840.35,332.0,Supplier_16,3.3,427.0
P0089,,Shoes,48.1,12.0,Supplier_31,4.3,54.0
P0090,,Food,548.86,81.0,Supplier_3,3.6,125.0
P0091,Affordable Accessories,Shoes,216.61,432.0,Supplier_39,4.3,163.0
P0092,Super Food,Cosmetics,440.17,146.0,Supplier_15,4.4,248.0
P0093,Classic Food,Food,495.09,367.0,Supplier_15,3.6,102.0
P0094,,Groceries,85.04,211.0,Supplier_38,3.0,352.0
P0095,Stylish Shoes,Furniture,554.81,144.0,Supplier_13,3.8,180.0
P0096,Elegant Cosmetics,Kitchenware,422.83,343.0,Supplier_9,4.7,327.0
P0097,Affordable Groceries,Groceries,922.07,262.0,,4.7,159.0
P0098,Modern Clothes,Furniture,494.5,108.0,Supplier_3,3.1,249.0
P0099,Elegant Cosmetics,Toys,847.1,207.0,Supplier_36,3.3,104.0
P0100,Super Food,Beauty,207.31,448.0,Supplier_2,4.6,440.0
P0101,Affordable Accessories,Snacks,637.41,146.0,Supplier_27,4.2,284.0
P0102,Stylish Toys,Shoes,962.42,474.0,Supplier_17,3.1,469.0
P0103,Ultra Beauty,Food,955.93,143.0,Supplier_14,4.5,472.0
P0104,Premium Food,Skincare,841.06,287.0,Supplier_29,3.6,462.0
P0105,Elegant Furniture,Groceries,473.64,407.0,Supplier_31,3.3,396.0
P0106,Fashion Shoes,Groceries,500.06,41.0,Supplier_7,4.2,405.0
P0107,Stylish Skincare,Furniture,222.86,418.0,Supplier_10,3.3,46.0
P0108,Mega Groceries,Kitchenware,369.74,24.0,Supplier_42,4.3,287.0
P0109,Super Food,Toys,199.46,491.0,Supplier_6,3.2,79.0
P0110,Classic Bag,Accessories,294.43,172.0,Supplier_26,3.3,109.0
P0111,Super Clothes,Food,638.94,456.0,Supplier_22,3.7,133.0
P0112,Super Furniture,Beauty,347.15,345.0,Supplier_41,4.2,41.0
P0113,Super Food,,137.05,46.0,Supplier_24,4.4,130.0
P0114,,Beauty,51.22,67.0,Supplier_39,4.8,494.0
P0115,,Bag,127.94,313.0,Supplier_14,3.2,499.0
P0116,Elegant Furniture,Snacks,416.47,413.0,Supplier_30,3.7,
P0117,,Kitchenware,703.51,53.0,Supplier_8,3.7,102.0
P0118,Affordable Clothes,Kitchenware,755.77,73.0,Supplier_17,4.6,236.0
P0119,Fashion Furniture,Groceries,619.98,202.0,Supplier_50,4.3,438.0
P0120,Classic Skincare,Kitchenware,766.58,163.0,Supplier_49,3.2,207.0
P0121,Classic Bag,Food,325.92,192.0,Supplier_21,3.2,231.0
P0122,Ultra Cosmetics,Shoes,869.37,317.0,Supplier_44,,51.0
P0123,Affordable Shoes,Kitchenware,460.73,26.0,Supplier_5,3.9,72.0
P0124,Ultra Clothes,Clothes,594.23,172.0,,4.4,138.0
P0125,Premium Furniture,Bag,918.79,296.0,Supplier_44,3.2,319.0
P0126,,Shoes,632.72,133.0,Supplier_29,4.2,246.0
P0127,Affordable Accessories,Clothes,487.8,139.0,Supplier_44,4.8,423.0
P0128,Mega Beauty,Furniture,8.67,116.0,Supplier_16,3.3,459.0
P0129,Mega Bag,Skincare,82.41,324.0,Supplier_42,4.8,273.0
P0130,Elegant Toys,Kitchenware,874.29,426.0,,3.2,201.0
P0131,Stylish Furniture,Shoes,739.45,36.0,Supplier_1,3.4,419.0
P0132,Premium Snacks,Food,993.77,323.0,Supplier_48,,
P0133,Stylish Clothes,Accessories,369.93,148.0,Supplier_22,3.2,288.0
P0134,Ultra Food,Clothes,381.53,31.0,Supplier_19,4.9,294.0
P0135,Fashion Shoes,Beauty,,341.0,Supplier_17,4.9,144.0
P0136,Fashion Toys,Skincare,244.58,235.0,Supplier_47,3.5,73.0
P0137,Premium Shoes,Food,48.89,298.0,Supplier_11,4.6,385.0
P0138,Elegant Beauty,Snacks,921.12,116.0,Supplier_18,3.2,255.0
P0139,Classic Snacks,Food,873.29,69.0,Supplier_33,3.8,462.0
P0140,Elegant Skincare,Kitchenware,695.28,317.0,Supplier_13,5.0,301.0
P0141,Modern Clothes,Shoes,508.92,184.0,Supplier_38,4.8,421.0
P0142,Ultra Beauty,Furniture,543.72,491.0,Supplier_34,4.2,82.0
P0143,Fashion Clothes,Skincare,910.86,320.0,Supplier_43,3.7,72.0
P0144,Ultra Groceries,Snacks,594.43,16.0,Supplier_36,4.1,492.0
P0145,Super Food,Kitchenware,448.11,87.0,Supplier_9,3.6,257.0
P0146,Elegant Snacks,Snacks,36.47,71.0,Supplier_28,4.8,435.0
P0147,Super Food,Toys,980.96,328.0,Supplier_32,3.5,357.0
P0148,Fashion Beauty,Snacks,160.89,90.0,Supplier_18,3.4,361.0
P0149,Affordable Accessories,Shoes,588.73,270.0,Supplier_7,4.4,363.0
P0150,Classic Food,Groceries,449.29,133.0,Supplier_4,,202.0
P0151,Premium Toys,Bag,183.77,106.0,Supplier_25,4.4,435.0
P0152,Mega Shoes,Food,756.53,240.0,Supplier_25,4.2,304.0
P0153,Affordable Cosmetics,Food,275.8,359.0,Supplier_38,3.4,148.0
P0154,,Snacks,277.72,464.0,Supplier_1,3.5,67.0
P0155,Classic Snacks,,,275.0,Supplier_35,4.7,217.0
P0156,Fashion Snacks,Snacks,989.85,35.0,Supplier_25,4.9,233.0
P0157,Super Toys,Beauty,989.02,189.0,Supplier_12,3.5,48.0
P0158,Elegant Toys,,436.0,102.0,Supplier_39,3.5,388.0
P0159,,Accessories,587.07,171.0,,3.1,364.0
P0160,Ultra Food,Accessories,499.72,43.0,Supplier_29,3.5,283.0
P0161,Mega Furniture,Cosmetics,407.51,396.0,Supplier_27,3.0,180.0
P0162,Affordable Skincare,Accessories,467.31,42.0,,4.5,48.0
P0163,Mega Snacks,Furniture,,253.0,Supplier_3,3.8,317.0
P0164,Elegant Clothes,Snacks,94.83,240.0,Supplier_38,3.7,479.0
P0165,,Clothes,306.31,162.0,Supplier_30,3.8,335.0
P0166,Stylish Shoes,Clothes,650.67,125.0,Supplier_37,3.5,122.0
P0167,Modern Food,Toys,485.17,12.0,Supplier_12,3.7,139.0
P0168,Ultra Skincare,Bag,236.32,181.0,Supplier_28,3.4,142.0
P0169,Ultra Skincare,,,162.0,Supplier_17,,122.0
P0170,Elegant Kitchenware,Beauty,,334.0,Supplier_1,4.9,273.0
P0171,Premium Bag,Skincare,584.53,383.0,Supplier_22,,152.0
P0172,Classic Furniture,Snacks,861.93,465.0,Supplier_2,,477.0
P0173,Fashion Kitchenware,Snacks,522.28,48.0,Supplier_34,3.6,202.0
P0174,Affordable Clothes,Skincare,822.07,374.0,Supplier_46,3.3,489.0
P0175,Classic Toys,Skincare,449.84,43.0,Supplier_25,4.0,300.0
P0176,Elegant Shoes,Snacks,23.97,458.0,,4.6,336.0
P0177,Modern Shoes,Food,364.56,16.0,Supplier_4,3.9,308.0
P0178,Super Snacks,Furniture,817.85,308.0,Supplier_12,3.2,220.0
P0179,Elegant Groceries,Beauty,160.62,27.0,Supplier_46,3.8,340.0
P0180,Fashion Food,Bag,563.19,329.0,Supplier_18,4.4,145.0
P0181,Premium Furniture,Beauty,58.76,285.0,,3.3,105.0
P0182,Stylish Groceries,Furniture,611.95,214.0,Supplier_41,4.3,105.0
P0183,Modern Kitchenware,Toys,132.11,147.0,Supplier_29,3.8,273.0
P0184,Mega Clothes,Bag,855.14,113.0,Supplier_49,4.9,381.0
P0185,Mega Skincare,,112.65,336.0,Supplier_15,4.0,89.0
P0186,Elegant Clothes,Skincare,888.61,413.0,Supplier_39,,18.0
P0187,Classic Clothes,Snacks,224.58,300.0,Supplier_8,3.3,90.0
P0188,,,527.06,264.0,Supplier_2,3.6,98.0
P0189,Ultra Skincare,Snacks,610.88,380.0,Supplier_17,4.8,307.0
P0190,,Clothes,,51.0,Supplier_45,4.4,479.0
P0191,Ultra Groceries,,271.16,149.0,Supplier_50,3.5,432.0
P0192,Affordable Kitchenware,Clothes,755.17,301.0,Supplier_18,4.5,122.0
P0193,Ultra Accessories,Snacks,96.03,192.0,Supplier_41,3.7,164.0
P0194,Premium Toys,Beauty,696.02,179.0,Supplier_29,3.6,430.0
P0195,Classic Shoes,Furniture,945.15,216.0,Supplier_9,4.2,369.0
P0196,Elegant Kitchenware,Food,565.66,43.0,Supplier_11,4.4,189.0
P0197,Modern Accessories,Bag,240.02,,Supplier_42,3.0,435.0
P0198,Elegant Snacks,Cosmetics,996.54,170.0,Supplier_14,4.5,390.0
P0199,Classic Furniture,Toys,672.72,421.0,Supplier_8,3.4,309.0
P0200,Super Accessories,Groceries,,223.0,Supplier_38,4.6,164.0
P0201,Super Kitchenware,Kitchenware,604.19,308.0,Supplier_28,3.4,323.0
P0202,Premium Furniture,Shoes,473.0,18.0,Supplier_22,3.1,282.0
P0203,Ultra Food,Accessories,837.64,86.0,Supplier_6,,297.0
P0204,Modern Cosmetics,Snacks,320.86,231.0,Supplier_38,4.1,135.0
P0205,,Accessories,345.05,16.0,Supplier_27,4.0,283.0
P0206,Elegant Shoes,Snacks,713.22,491.0,,3.5,184.0
P0207,Mega Bag,Shoes,304.11,110.0,Supplier_41,3.1,57.0
P0208,Classic Shoes,Kitchenware,635.44,193.0,Supplier_1,4.1,494.0
P0209,Premium Cosmetics,Kitchenware,472.65,332.0,Supplier_22,4.6,275.0
P0210,Stylish Snacks,Accessories,938.37,242.0,Supplier_50,,119.0
P0211,Stylish Skincare,Kitchenware,730.24,382.0,Supplier_28,4.0,60.0
P0212,Affordable Cosmetics,Snacks,360.86,89.0,Supplier_34,3.4,337.0
P0213,Classic Beauty,Food,612.79,427.0,Supplier_26,4.1,252.0
P0214,Super Clothes,Bag,,166.0,Supplier_33,4.6,17.0
P0215,Stylish Skincare,Beauty,194.2,111.0,Supplier_29,4.7,407.0
P0216,Stylish Cosmetics,Snacks,493.26,482.0,Supplier_47,3.3,8.0
P0217,Affordable Clothes,Toys,591.98,408.0,Supplier_21,3.8,334.0
P0218,,Shoes,332.57,326.0,Supplier_29,,480.0
P0219,Mega Furniture,Cosmetics,853.94,84.0,,3.9,243.0
P0220,Affordable Snacks,Toys,975.49,496.0,Supplier_49,3.4,209.0
P0221,Stylish Shoes,Bag,512.37,298.0,Supplier_18,3.4,483.0
P0222,Mega Groceries,Accessories,588.87,259.0,Supplier_19,4.2,55.0
P0223,Premium Food,Skincare,780.35,248.0,Supplier_36,3.7,58.0
P0224,Affordable Skincare,Cosmetics,870.72,214.0,Supplier_32,4.9,66.0
P0225,Classic Accessories,Kitchenware,493.48,400.0,Supplier_20,3.4,250.0
P0226,Ultra Toys,Shoes,476.38,46.0,Supplier_20,4.7,85.0
P0227,Affordable Shoes,Bag,55.43,351.0,Supplier_19,,289.0
P0228,Super Cosmetics,,134.19,327.0,,4.1,320.0
P0229,Mega Clothes,Cosmetics,138.18,405.0,Supplier_48,4.9,369.0
P0230,,Kitchenware,159.36,426.0,Supplier_26,4.9,238.0
P0231,,Snacks,207.89,195.0,Supplier_6,3.0,256.0
P0232,,Snacks,,148.0,Supplier_4,4.6,190.0
P0233,Fashion Snacks,Toys,898.11,105.0,Supplier_5,3.4,
P0234,,,943.06,339.0,Supplier_38,3.4,418.0
P0235,Super Bag,Furniture,,489.0,Supplier_16,4.5,424.0
P0236,Modern Food,Kitchenware,784.22,331.0,Supplier_36,4.3,295.0
P0237,Elegant Furniture,Beauty,295.26,262.0,Supplier_20,3.3,75.0
P0238,Elegant Toys,Groceries,994.64,337.0,Supplier_28,,167.0
P0239,Super Furniture,Furniture,267.47,374.0,Supplier_41,4.3,35.0
P0240,Mega Snacks,Furniture,946.53,428.0,,3.4,317.0
P0241,Modern Kitchenware,Kitchenware,320.95,244.0,Supplier_42,3.9,100.0
P0242,Elegant Shoes,Snacks,331.12,48.0,Supplier_3,4.5,170.0
P0243,Classic Shoes,Kitchenware,72.12,104.0,Supplier_35,3.9,330.0
P0244,Affordable Kitchenware,Cosmetics,510.1,379.0,Supplier_50,4.9,254.0
P0245,Stylish Bag,Shoes,53.22,325.0,Supplier_38,4.8,365.0
P0246,,Skincare,,212.0,Supplier_40,4.0,117.0
P0247,Premium Clothes,Accessories,,67.0,,3.7,162.0
P0248,Super Toys,Toys,431.1,39.0,Supplier_30,4.7,97.0
P0249,Fashion Toys,Accessories,43.43,11.0,Supplier_14,4.5,328.0
P0250,Ultra Cosmetics,Skincare,749.13,287.0,Supplier_22,4.1,469.0
P0251,Super Food,Food,29.51,64.0,Supplier_48,4.8,163.0
P0252,Elegant Groceries,Accessories,324.35,35.0,Supplier_37,4.7,443.0
P0253,Ultra Accessories,Beauty,838.71,98.0,Supplier_3,4.6,425.0
P0254,Ultra Beauty,Skincare,697.74,200.0,Supplier_50,3.4,414.0
P0255,Super Cosmetics,,691.7,255.0,Supplier_7,3.8,456.0
P0256,Affordable Toys,Snacks,,150.0,Supplier_13,3.7,454.0
P0257,Elegant Kitchenware,Furniture,38.28,478.0,Supplier_14,3.6,402.0
P0258,Premium Bag,,752.59,29.0,Supplier_27,4.7,119.0
P0259,Mega Shoes,Groceries,953.01,97.0,Supplier_27,4.8,391.0
P0260,Mega Clothes,Cosmetics,827.86,145.0,Supplier_4,3.3,83.0
P0261,Modern Beauty,Accessories,882.83,14.0,Supplier_19,3.5,324.0
P0262,Elegant Beauty,Beauty,346.06,27.0,Supplier_26,,480.0
P0263,Super Kitchenware,Groceries,772.92,61.0,Supplier_25,4.2,268.0
P0264,Fashion Cosmetics,Shoes,548.55,175.0,Supplier_24,4.3,313.0
P0265,Premium Groceries,Food,26.93,247.0,Supplier_26,3.7,47.0
P0266,Stylish Kitchenware,Beauty,906.22,65.0,Supplier_40,3.4,458.0
P0267,Stylish Cosmetics,Bag,539.34,380.0,,4.9,171.0
P0268,Super Beauty,Furniture,796.72,414.0,Supplier_43,4.0,458.0
P0269,Affordable Clothes,Bag,776.7,126.0,Supplier_24,4.2,400.0
P0270,Ultra Shoes,Cosmetics,320.81,247.0,Supplier_6,4.5,370.0
P0271,Classic Snacks,,754.16,492.0,Supplier_30,3.3,448.0
P0272,Premium Shoes,Shoes,,43.0,Supplier_47,3.1,411.0
P0273,Elegant Shoes,Accessories,965.94,497.0,Supplier_30,3.7,409.0
P0274,Fashion Skincare,Furniture,903.39,252.0,Supplier_22,4.3,19.0
P0275,Stylish Cosmetics,Accessories,830.46,489.0,Supplier_19,,429.0
P0276,Super Beauty,Shoes,608.29,242.0,Supplier_23,4.9,304.0
P0277,Premium Groceries,Kitchenware,793.36,493.0,Supplier_22,4.4,212.0
P0278,Premium Furniture,Groceries,161.8,287.0,Supplier_49,3.1,
P0279,Stylish Cosmetics,Groceries,941.3,41.0,Supplier_31,4.0,88.0
P0280,Fashion Beauty,Beauty,588.33,159.0,Supplier_25,4.5,222.0
P0281,Modern Furniture,Shoes,855.57,252.0,Supplier_5,3.0,223.0
P0282,Affordable Groceries,Beauty,139.68,117.0,Supplier_42,4.9,209.0
P0283,Mega Groceries,Skincare,559.66,453.0,Supplier_44,4.8,169.0
P0284,Classic Bag,Cosmetics,155.33,371.0,Supplier_3,4.8,
P0285,Fashion Shoes,Accessories,786.19,56.0,Supplier_31,4.7,
P0286,Affordable Snacks,Kitchenware,97.38,461.0,Supplier_5,4.2,29.0
P0287,Fashion Toys,Accessories,896.22,354.0,Supplier_4,3.5,427.0
P0288,Ultra Groceries,Shoes,65.78,85.0,Supplier_19,3.1,496.0
P0289,Affordable Bag,Groceries,347.04,481.0,Supplier_13,3.4,
P0290,Elegant Kitchenware,Furniture,9.38,425.0,Supplier_37,4.3,42.0
P0291,Super Bag,Shoes,948.16,466.0,Supplier_39,3.1,232.0
P0292,Fashion Groceries,,641.16,343.0,,3.1,17.0
P0293,Elegant Furniture,Shoes,134.12,290.0,Supplier_11,3.9,450.0
P0294,Modern Skincare,Toys,921.41,161.0,Supplier_17,,41.0
P0295,Affordable Furniture,Cosmetics,782.25,86.0,Supplier_48,3.5,86.0
P0296,Affordable Kitchenware,Clothes,298.4,314.0,Supplier_18,4.0,22.0
P0297,Mega Groceries,Food,384.3,453.0,Supplier_20,3.2,447.0
P0298,Stylish Bag,Clothes,142.2,69.0,Supplier_23,4.2,475.0
P0299,Mega Shoes,Snacks,738.85,29.0,Supplier_2,4.2,55.0
P0300,Elegant Cosmetics,Food,811.22,138.0,Supplier_30,3.3,290.0
P0301,Modern Beauty,Shoes,619.59,285.0,Supplier_6,4.9,308.0
P0302,Elegant Accessories,Food,211.69,80.0,Supplier_11,3.5,400.0
P0303,Affordable Groceries,Furniture,90.15,317.0,,4.3,423.0
P0304,Stylish Toys,Skincare,525.49,472.0,Supplier_29,,471.0
P0305,Stylish Groceries,Kitchenware,403.91,457.0,Supplier_7,4.8,45.0
P0306,Ultra Accessories,Kitchenware,451.69,472.0,Supplier_17,5.0,99.0
P0307,Affordable Shoes,Accessories,253.28,323.0,Supplier_13,3.3,242.0
P0308,Modern Furniture,Accessories,989.35,219.0,Supplier_19,5.0,183.0
P0309,Affordable Clothes,Beauty,190.91,462.0,Supplier_40,4.3,405.0
P0310,Stylish Food,Cosmetics,475.96,464.0,Supplier_7,4.9,249.0
P0311,Mega Shoes,Snacks,786.14,399.0,Supplier_24,,83.0
P0312,Super Cosmetics,Skincare,929.25,114.0,Supplier_13,3.2,144.0
P0313,Ultra Clothes,Clothes,736.29,166.0,,3.6,275.0
P0314,Mega Food,Kitchenware,326.76,236.0,Supplier_15,4.2,348.0
P0315,Elegant Shoes,Furniture,492.9,44.0,Supplier_36,3.0,102.0
P0316,Elegant Accessories,Clothes,40.68,18.0,Supplier_4,3.4,16.0
P0317,Super Cosmetics,Cosmetics,470.24,399.0,Supplier_5,4.5,419.0
P0318,,Snacks,339.83,223.0,Supplier_4,4.7,57.0
P0319,Ultra Furniture,Toys,442.0,453.0,Supplier_30,4.2,46.0
P0320,Affordable Bag,Food,432.49,118.0,Supplier_43,3.5,
P0321,Fashion Beauty,Shoes,565.18,31.0,Supplier_47,4.6,186.0
P0322,Mega Groceries,Kitchenware,77.82,181.0,Supplier_31,4.3,134.0
P0323,Premium Skincare,,292.79,244.0,Supplier_44,4.7,358.0
P0324,Ultra Skincare,Skincare,54.38,267.0,Supplier_9,4.3,450.0
P0325,Super Kitchenware,Furniture,424.45,174.0,Supplier_24,4.4,489.0
P0326,Elegant Bag,Bag,799.31,,Supplier_11,4.7,461.0
P0327,Ultra Beauty,Toys,534.61,184.0,Supplier_49,3.8,199.0
P0328,Mega Snacks,Furniture,688.34,100.0,Supplier_35,5.0,457.0
P0329,Stylish Kitchenware,Shoes,446.43,26.0,Supplier_12,4.1,135.0
P0330,Ultra Shoes,Cosmetics,240.1,137.0,Supplier_42,4.8,102.0
P0331,Super Food,Clothes,291.42,166.0,Supplier_36,3.4,118.0
P0332,Affordable Shoes,Cosmetics,559.28,494.0,Supplier_24,4.1,254.0
P0333,Ultra Skincare,Clothes,367.58,303.0,Supplier_46,3.4,32.0
P0334,Ultra Furniture,Toys,221.64,238.0,Supplier_47,3.1,169.0
P0335,Ultra Kitchenware,Shoes,671.12,77.0,Supplier_4,4.0,334.0
P0336,Ultra Kitchenware,Beauty,631.84,142.0,Supplier_30,3.2,51.0
P0337,Elegant Toys,Snacks,623.1,469.0,Supplier_23,3.4,126.0
P0338,Ultra Snacks,Toys,444.72,68.0,Supplier_7,,488.0
P0339,Fashion Accessories,Skincare,820.71,224.0,Supplier_47,3.5,21.0
P0340,Mega Toys,Snacks,259.99,219.0,Supplier_8,4.6,88.0
P0341,Elegant Shoes,Groceries,870.44,154.0,Supplier_1,4.0,396.0
P0342,Modern Food,Cosmetics,224.07,10.0,Supplier_37,3.1,355.0
P0343,Classic Snacks,Groceries,872.87,112.0,Supplier_9,4.0,179.0
P0344,Stylish Snacks,Accessories,457.8,131.0,Supplier_42,3.9,183.0
P0345,Stylish Groceries,Groceries,889.14,371.0,Supplier_50,3.6,379.0
P0346,Stylish Shoes,Cosmetics,418.72,163.0,Supplier_24,4.5,76.0
P0347,Affordable Skincare,Shoes,727.12,209.0,Supplier_49,3.2,491.0
P0348,Premium Shoes,Clothes,213.2,300.0,Supplier_37,4.0,55.0
P0349,Classic Clothes,Bag,726.21,374.0,Supplier_25,3.0,362.0
P0350,Classic Furniture,Snacks,441.51,82.0,Supplier_16,4.8,196.0
P0351,Classic Beauty,Toys,286.26,410.0,Supplier_8,3.1,171.0
P0352,Ultra Food,Beauty,58.09,270.0,Supplier_6,4.8,101.0
P0353,Fashion Groceries,Bag,906.41,284.0,Supplier_25,3.2,402.0
P0354,Mega Snacks,Shoes,469.02,356.0,Supplier_14,5.0,26.0
P0355,Modern Accessories,Furniture,793.1,,Supplier_41,4.6,181.0
P0356,Elegant Accessories,Snacks,821.36,23.0,Supplier_12,3.9,
P0357,Fashion Clothes,Kitchenware,797.58,346.0,Supplier_5,4.5,
P0358,Affordable Cosmetics,Cosmetics,550.46,361.0,Supplier_37,,477.0
P0359,Ultra Skincare,Shoes,733.12,,Supplier_40,3.1,330.0
P0360,Mega Food,Clothes,454.68,145.0,Supplier_23,4.5,398.0
P0361,Ultra Clothes,Skincare,494.86,84.0,Supplier_45,3.6,402.0
P0362,Classic Bag,Toys,781.81,,Supplier_14,4.2,456.0
P0363,Mega Shoes,Accessories,881.32,28.0,Supplier_23,3.1,349.0
P0364,Premium Food,Bag,711.13,306.0,Supplier_46,3.2,27.0
P0365,Affordable Clothes,Snacks,431.58,188.0,Supplier_42,3.8,378.0
P0366,Mega Beauty,Groceries,738.95,127.0,Supplier_39,3.9,215.0
P0367,Stylish Clothes,Shoes,817.15,90.0,Supplier_28,3.0,494.0
P0368,Modern Skincare,Cosmetics,538.15,234.0,Supplier_23,4.3,461.0
P0369,Stylish Shoes,Accessories,911.53,18.0,Supplier_21,4.0,105.0
P0370,Fashion Food,Beauty,762.01,245.0,Supplier_21,4.3,363.0
P0371,Elegant Beauty,Kitchenware,552.97,362.0,Supplier_41,4.2,13.0
P0372,Classic Food,Food,352.73,85.0,Supplier_9,4.1,104.0
P0373,Super Accessories,Groceries,58.21,251.0,Supplier_10,3.8,272.0
P0374,Ultra Cosmetics,Accessories,797.15,135.0,,3.1,294.0
P0375,Premium Cosmetics,Kitchenware,94.21,247.0,Supplier_10,4.5,58.0
P0376,Super Accessories,Snacks,783.13,42.0,Supplier_9,4.9,73.0
P0377,Classic Kitchenware,Skincare,513.76,151.0,Supplier_48,3.5,314.0
P0378,Elegant Kitchenware,Bag,18.84,115.0,Supplier_32,3.6,286.0
P0379,Elegant Cosmetics,Bag,239.09,482.0,Supplier_37,4.9,68.0
P0380,Fashion Clothes,Shoes,343.44,110.0,Supplier_8,3.3,284.0
P0381,,Toys,514.57,333.0,Supplier_41,4.3,179.0
P0382,Mega Groceries,Food,209.57,215.0,,4.8,56.0
P0383,Classic Clothes,Furniture,528.62,403.0,Supplier_31,3.1,195.0
P0384,Ultra Snacks,Cosmetics,599.27,104.0,Supplier_35,4.5,348.0
P0385,Fashion Clothes,Accessories,55.49,332.0,Supplier_46,4.0,88.0
P0386,Mega Cosmetics,Clothes,273.68,306.0,Supplier_9,3.7,399.0
P0387,Affordable Clothes,Toys,124.14,,Supplier_16,3.2,403.0
P0388,,Clothes,932.44,224.0,Supplier_37,4.7,409.0
P0389,Premium Beauty,Bag,125.6,470.0,Supplier_42,4.0,366.0
P0390,Stylish Shoes,Beauty,371.02,144.0,Supplier_18,4.0,65.0
P0391,Fashion Clothes,Cosmetics,58.2,425.0,Supplier_36,3.8,6.0
P0392,Stylish Groceries,Food,844.47,205.0,Supplier_46,3.9,478.0
P0393,Premium Cosmetics,Skincare,906.63,322.0,Supplier_41,3.0,310.0
P0394,Premium Toys,Cosmetics,949.25,481.0,Supplier_13,4.8,197.0
P0395,Super Snacks,,331.1,217.0,Supplier_13,4.4,315.0
P0396,Elegant Accessories,Beauty,274.96,130.0,Supplier_12,3.8,252.0
P0397,Ultra Clothes,Accessories,920.74,327.0,Supplier_22,3.8,67.0
P0398,Classic Food,Furniture,520.52,45.0,Supplier_36,4.1,447.0
P0399,Mega Furniture,,105.88,260.0,Supplier_35,4.6,449.0
P0400,Premium Groceries,Food,489.31,328.0,,4.4,132.0
P0401,Stylish Food,Snacks,527.2,215.0,Supplier_9,3.3,388.0
P0402,Fashion Beauty,Shoes,860.38,373.0,Supplier_32,,334.0
P0403,Stylish Cosmetics,Shoes,49.58,108.0,Supplier_31,3.2,481.0
P0404,Modern Shoes,Clothes,571.48,238.0,Supplier_12,4.8,215.0
P0405,Elegant Furniture,Clothes,42.67,,Supplier_46,4.4,264.0
P0406,Elegant Clothes,Shoes,908.94,301.0,Supplier_50,4.8,458.0
P0407,Ultra Skincare,,345.42,392.0,Supplier_49,3.1,416.0
P0408,Fashion Groceries,Kitchenware,475.45,383.0,Supplier_20,3.6,415.0
P0409,Stylish Accessories,Kitchenware,893.86,40.0,Supplier_46,4.5,32.0
P0410,Stylish Furniture,Furniture,772.19,338.0,Supplier_2,5.0,388.0
P0411,Affordable Kitchenware,Kitchenware,,320.0,Supplier_21,4.5,122.0
P0412,Modern Beauty,Bag,603.77,430.0,Supplier_3,3.7,381.0
P0413,Mega Food,Accessories,905.44,197.0,Supplier_1,3.8,139.0
P0414,Classic Beauty,Clothes,182.27,99.0,Supplier_19,4.9,330.0
P0415,Ultra Skincare,Bag,239.29,389.0,Supplier_4,3.6,434.0
P0416,Stylish Groceries,,525.21,485.0,Supplier_29,5.0,285.0
P0417,Fashion Bag,Cosmetics,399.64,278.0,Supplier_37,,461.0
P0418,Classic Food,Bag,224.79,251.0,,4.1,347.0
P0419,Fashion Toys,Food,458.56,479.0,Supplier_20,3.6,438.0
P0420,Ultra Beauty,Skincare,399.94,146.0,Supplier_29,4.5,279.0
P0421,Modern Cosmetics,Accessories,526.41,322.0,Supplier_18,5.0,345.0
P0422,Classic Kitchenware,Clothes,259.99,177.0,Supplier_37,4.4,160.0
P0423,Mega Toys,Accessories,709.68,264.0,Supplier_5,3.0,368.0
P0424,Elegant Toys,Bag,58.51,416.0,Supplier_24,3.1,200.0
P0425,Super Snacks,Food,811.18,,Supplier_47,4.7,281.0
P0426,Premium Skincare,Bag,983.26,86.0,,4.2,462.0
P0427,Premium Furniture,Toys,883.45,73.0,Supplier_45,3.6,
P0428,Super Shoes,Snacks,478.84,334.0,Supplier_26,3.5,85.0
P0429,Modern Skincare,Toys,624.94,335.0,Supplier_35,4.0,103.0
P0430,Stylish Accessories,Groceries,969.57,91.0,Supplier_24,4.3,43.0
P0431,Modern Toys,,251.07,143.0,Supplier_23,3.3,348.0
P0432,Affordable Cosmetics,Bag,248.15,252.0,Supplier_42,3.7,186.0
P0433,Super Toys,Groceries,729.8,208.0,Supplier_22,4.9,257.0
P0434,Super Kitchenware,Toys,117.71,230.0,Supplier_2,3.8,
P0435,Elegant Kitchenware,Skincare,626.61,294.0,Supplier_17,4.5,440.0
P0436,Super Shoes,Bag,192.09,134.0,Supplier_41,3.8,242.0
P0437,Ultra Skincare,Snacks,406.54,54.0,Supplier_3,4.5,169.0
P0438,Premium Shoes,Skincare,879.67,14.0,Supplier_8,3.0,453.0
P0439,Modern Skincare,,171.46,316.0,,4.8,377.0
P0440,Affordable Shoes,Kitchenware,338.03,114.0,Supplier_44,4.9,265.0
P0441,Modern Bag,Kitchenware,355.37,474.0,Supplier_29,3.5,335.0
P0442,Premium Shoes,Skincare,867.33,463.0,Supplier_49,4.0,391.0
P0443,Classic Shoes,Furniture,12.84,57.0,Supplier_27,3.4,369.0
P0444,Affordable Accessories,Kitchenware,308.21,270.0,Supplier_4,4.9,136.0
P0445,Ultra Groceries,Cosmetics,780.63,442.0,Supplier_31,,210.0
P0446,Mega Beauty,Bag,358.62,169.0,Supplier_35,4.0,422.0
P0447,Premium Kitchenware,Snacks,710.48,194.0,Supplier_36,3.2,465.0
P0448,Elegant Clothes,Cosmetics,420.24,26.0,Supplier_11,3.8,409.0
P0449,Modern Accessories,Accessories,301.8,310.0,Supplier_25,4.2,429.0
P0450,Modern Cosmetics,Cosmetics,146.26,99.0,Supplier_46,,372.0
P0451,Super Accessories,Groceries,452.57,467.0,Supplier_46,4.6,347.0
P0452,Mega Groceries,Groceries,,278.0,Supplier_29,4.8,420.0
P0453,,Accessories,383.77,143.0,Supplier_6,3.5,48.0
P0454,Premium Toys,Toys,201.2,170.0,Supplier_42,4.9,415.0
P0455,Fashion Kitchenware,Bag,594.17,165.0,Supplier_16,4.1,457.0
P0456,Classic Shoes,Accessories,340.22,119.0,Supplier_36,4.3,435.0
P0457,Stylish Toys,Food,655.48,500.0,Supplier_32,4.9,232.0
P0458,Classic Skincare,Bag,821.17,91.0,Supplier_16,4.7,25.0
P0459,Mega Snacks,Food,451.36,394.0,Supplier_35,3.5,476.0
P0460,Ultra Groceries,Clothes,13.22,442.0,Supplier_45,4.7,205.0
P0461,Ultra Toys,Shoes,579.37,182.0,,3.5,459.0
P0462,Fashion Shoes,Toys,151.79,277.0,,4.1,484.0
P0463,,Accessories,522.28,407.0,Supplier_36,4.6,335.0
P0464,Classic Bag,Beauty,210.77,498.0,Supplier_26,3.5,379.0
P0465,Premium Furniture,Groceries,569.83,393.0,Supplier_2,4.3,28.0
P0466,Mega Beauty,Kitchenware,864.77,348.0,Supplier_16,3.8,324.0
P0467,Premium Bag,Clothes,487.93,364.0,Supplier_30,3.7,328.0
P0468,Stylish Skincare,Toys,849.57,360.0,Supplier_18,3.7,500.0
P0469,Premium Accessories,Skincare,800.75,44.0,Supplier_48,3.8,77.0
P0470,Fashion Kitchenware,Clothes,746.33,75.0,Supplier_19,3.7,97.0
P0471,Fashion Snacks,Bag,340.35,19.0,Supplier_25,3.3,304.0
P0472,Elegant Accessories,Cosmetics,340.37,284.0,Supplier_50,4.7,483.0
P0473,Classic Bag,Shoes,471.6,484.0,Supplier_7,4.8,337.0
P0474,Stylish Food,Cosmetics,997.39,225.0,Supplier_46,3.9,303.0
P0475,Super Kitchenware,Bag,245.64,500.0,Supplier_32,3.2,406.0
P0476,Premium Snacks,Beauty,779.73,441.0,Supplier_6,4.3,27.0
P0477,,Beauty,275.04,,Supplier_32,3.9,380.0
P0478,,Shoes,161.9,280.0,Supplier_50,4.8,359.0
P0479,Elegant Food,Clothes,468.66,33.0,,3.3,489.0
P0480,Super Toys,Accessories,351.01,38.0,Supplier_17,4.8,89.0
P0481,Ultra Cosmetics,Food,728.46,262.0,Supplier_7,4.3,304.0
P0482,Premium Skincare,Accessories,325.61,32.0,Supplier_49,4.3,445.0
P0483,Affordable Kitchenware,Groceries,802.17,441.0,Supplier_46,3.3,112.0
P0484,,Accessories,562.67,401.0,Supplier_46,4.6,225.0
P0485,Mega Cosmetics,Food,764.17,461.0,Supplier_20,3.1,446.0
P0486,Premium Bag,Snacks,869.39,268.0,Supplier_35,4.5,462.0
P0487,Ultra Toys,Beauty,513.31,37.0,Supplier_3,3.7,238.0
P0488,Stylish Groceries,Bag,359.33,143.0,Supplier_25,3.2,223.0
P0489,Classic Clothes,Shoes,802.51,354.0,Supplier_5,3.9,279.0
P0490,Mega Cosmetics,Toys,667.97,374.0,Supplier_23,4.9,338.0
P0491,Elegant Cosmetics,Furniture,256.29,27.0,Supplier_36,3.3,205.0
P0492,Classic Kitchenware,Clothes,471.4,213.0,Supplier_4,3.7,481.0
P0493,Ultra Skincare,Bag,836.65,233.0,Supplier_20,3.1,330.0
P0494,Classic Groceries,Snacks,830.52,153.0,Supplier_6,4.2,140.0
P0495,Affordable Beauty,Groceries,273.48,200.0,Supplier_1,3.0,226.0
P0496,Ultra Beauty,Cosmetics,824.81,93.0,Supplier_23,3.8,416.0
P0497,Modern Furniture,Furniture,242.81,431.0,Supplier_26,4.3,220.0
P0498,Elegant Snacks,Kitchenware,534.82,390.0,Supplier_39,4.8,68.0
P0499,Elegant Cosmetics,Food,230.13,240.0,Supplier_46,4.8,419.0
P0500,Classic Furniture,Groceries,738.37,10.0,Supplier_38,3.7,
P0501,Stylish Furniture,Beauty,301.24,,Supplier_30,4.8,169.0
P0502,Ultra Clothes,Food,19.09,137.0,Supplier_16,4.0,121.0
P0503,Affordable Furniture,Snacks,573.78,297.0,Supplier_3,3.9,433.0
P0504,Stylish Kitchenware,Groceries,880.29,305.0,Supplier_43,4.0,36.0
P0505,Ultra Food,Groceries,557.18,376.0,Supplier_6,4.9,316.0
P0506,Affordable Clothes,,472.59,431.0,Supplier_11,4.0,
P0507,Premium Bag,Kitchenware,543.05,316.0,Supplier_29,4.6,145.0
P0508,Classic Furniture,Kitchenware,190.65,291.0,Supplier_39,,141.0
P0509,Super Food,Snacks,635.0,224.0,Supplier_19,4.9,396.0
P0510,Super Kitchenware,Food,892.66,62.0,Supplier_30,4.7,81.0
P0511,Ultra Accessories,Beauty,874.48,374.0,Supplier_6,3.6,181.0
P0512,Elegant Bag,Groceries,141.86,157.0,Supplier_2,5.0,466.0
P0513,,Toys,400.78,279.0,Supplier_15,3.4,369.0
P0514,Fashion Snacks,Skincare,36.66,189.0,Supplier_32,4.9,358.0
P0515,Ultra Toys,Furniture,565.98,24.0,Supplier_17,3.5,72.0
P0516,Affordable Bag,Cosmetics,770.68,66.0,Supplier_5,4.0,376.0
P0517,Ultra Food,Shoes,585.8,435.0,Supplier_36,4.8,383.0
P0518,Classic Clothes,Groceries,811.24,117.0,Supplier_6,4.2,221.0
P0519,Classic Clothes,Skincare,805.15,259.0,Supplier_43,,485.0
P0520,Affordable Furniture,,343.55,246.0,,4.1,171.0
P0521,Elegant Furniture,Clothes,512.24,98.0,Supplier_13,4.9,419.0
P0522,Modern Beauty,Accessories,503.69,319.0,Supplier_45,3.8,114.0
P0523,Affordable Cosmetics,Bag,842.85,452.0,Supplier_30,3.6,471.0
P0524,Ultra Cosmetics,Furniture,755.54,42.0,Supplier_26,3.6,
P0525,Elegant Cosmetics,Groceries,263.83,310.0,Supplier_16,4.6,44.0
P0526,Affordable Skincare,Snacks,27.85,43.0,Supplier_22,4.2,202.0
P0527,Elegant Shoes,Toys,195.26,202.0,Supplier_18,3.0,205.0
P0528,Premium Groceries,Kitchenware,306.97,44.0,Supplier_24,4.8,165.0
P0529,Fashion Furniture,Accessories,913.16,69.0,Supplier_48,4.5,414.0
P0530,Classic Bag,Groceries,190.71,112.0,Supplier_8,3.5,343.0
P0531,Fashion Accessories,Shoes,888.68,87.0,Supplier_45,4.2,86.0
P0532,Elegant Cosmetics,Skincare,115.5,306.0,Supplier_35,3.8,337.0
P0533,Premium Cosmetics,Kitchenware,373.06,261.0,Supplier_16,,183.0
P0534,Mega Food,Beauty,167.03,401.0,,4.2,339.0
P0535,,Shoes,886.27,23.0,Supplier_9,3.1,326.0
P0536,Modern Shoes,Cosmetics,440.35,349.0,Supplier_36,3.9,204.0
P0537,Stylish Groceries,Cosmetics,172.12,144.0,Supplier_23,4.9,494.0
P0538,Mega Bag,Beauty,762.55,125.0,Supplier_1,3.1,447.0
P0539,Fashion Beauty,Furniture,493.2,365.0,Supplier_41,4.1,
P0540,Mega Cosmetics,Bag,706.29,95.0,Supplier_29,4.1,298.0
P0541,Mega Cosmetics,Accessories,679.16,105.0,Supplier_17,3.5,89.0
P0542,Affordable Snacks,Cosmetics,,22.0,Supplier_11,4.0,163.0
P0543,Elegant Shoes,Cosmetics,47.93,266.0,Supplier_32,3.4,232.0
P0544,Ultra Food,Kitchenware,51.31,497.0,Supplier_19,3.9,114.0
P0545,Stylish Shoes,Shoes,994.72,116.0,Supplier_48,3.0,397.0
P0546,Super Clothes,Clothes,68.99,380.0,Supplier_23,4.2,420.0
P0547,Super Furniture,Accessories,395.72,486.0,Supplier_42,4.3,301.0
P0548,Elegant Accessories,Shoes,362.49,252.0,Supplier_13,4.4,83.0
P0549,Modern Kitchenware,Cosmetics,538.44,429.0,Supplier_50,3.4,328.0
P0550,Classic Clothes,Kitchenware,564.98,97.0,Supplier_40,4.8,92.0
P0551,Super Bag,Kitchenware,958.73,20.0,Supplier_4,4.5,66.0
P0552,,Toys,288.96,161.0,Supplier_19,4.7,292.0
P0553,Stylish Beauty,Kitchenware,969.85,25.0,Supplier_23,3.4,75.0
P0554,Fashion Kitchenware,,399.21,437.0,Supplier_23,3.5,176.0
P0555,Classic Toys,,,458.0,Supplier_11,4.5,199.0
P0556,Mega Accessories,Cosmetics,161.33,293.0,Supplier_46,4.7,66.0
P0557,,Kitchenware,858.33,400.0,Supplier_5,3.2,444.0
P0558,Elegant Kitchenware,Toys,,,Supplier_4,4.3,359.0
P0559,,Furniture,394.64,279.0,Supplier_31,4.3,53.0
P0560,Fashion Groceries,Cosmetics,,26.0,Supplier_31,3.9,356.0
P0561,Affordable Skincare,Furniture,178.1,283.0,Supplier_43,4.6,142.0
P0562,Stylish Accessories,Skincare,950.52,214.0,Supplier_27,3.8,175.0
P0563,Mega Food,Snacks,277.8,465.0,Supplier_1,3.2,132.0
P0564,Mega Beauty,Cosmetics,900.3,462.0,Supplier_44,4.0,192.0
P0565,Super Kitchenware,,299.55,415.0,Supplier_42,3.0,119.0
P0566,Affordable Cosmetics,Cosmetics,17.8,487.0,Supplier_9,4.2,142.0
P0567,Ultra Toys,Toys,531.39,221.0,,3.8,236.0
P0568,Classic Clothes,Skincare,162.69,357.0,Supplier_20,4.9,487.0
P0569,Ultra Cosmetics,Cosmetics,469.16,402.0,Supplier_5,3.9,319.0
P0570,Mega Skincare,Skincare,946.61,405.0,Supplier_47,3.1,435.0
P0571,Affordable Clothes,Furniture,234.86,,Supplier_44,3.9,
P0572,Elegant Skincare,Groceries,,389.0,Supplier_35,3.3,26.0
P0573,Affordable Skincare,Beauty,240.21,285.0,Supplier_8,4.9,329.0
P0574,Modern Beauty,Cosmetics,248.92,82.0,Supplier_47,3.0,159.0
P0575,Modern Bag,Cosmetics,33.13,,Supplier_15,3.6,362.0
P0576,Classic Groceries,Furniture,624.86,429.0,Supplier_17,3.5,436.0
P0577,Affordable Shoes,Food,596.54,60.0,Supplier_18,3.4,476.0
P0578,Elegant Clothes,Shoes,831.54,437.0,Supplier_34,3.1,270.0
P0579,Fashion Beauty,Furniture,341.45,108.0,Supplier_41,4.0,175.0
P0580,Ultra Beauty,,706.23,,Supplier_3,4.3,322.0
P0581,Classic Kitchenware,Snacks,412.17,26.0,Supplier_9,3.9,367.0
P0582,Premium Bag,Toys,598.8,264.0,Supplier_13,4.6,345.0
P0583,Super Clothes,Food,659.28,100.0,Supplier_20,4.2,188.0
P0584,Fashion Skincare,Snacks,886.29,387.0,Supplier_31,4.8,
P0585,Stylish Food,Clothes,650.77,35.0,Supplier_9,3.7,309.0
P0586,Premium Furniture,Furniture,847.65,434.0,Supplier_33,4.4,431.0
P0587,Classic Bag,Accessories,459.72,244.0,Supplier_39,4.4,453.0
P0588,,Snacks,81.38,96.0,Supplier_29,3.7,156.0
P0589,Super Shoes,Clothes,507.21,483.0,Supplier_42,3.0,270.0
P0590,Classic Furniture,Food,177.93,77.0,Supplier_14,3.1,144.0
P0591,Elegant Skincare,,751.0,460.0,Supplier_22,,225.0
P0592,Super Clothes,Bag,432.51,25.0,,3.4,328.0
P0593,Stylish Clothes,Shoes,645.56,242.0,Supplier_43,,273.0
P0594,Affordable Groceries,Beauty,869.98,290.0,Supplier_47,4.6,341.0
P0595,Elegant Kitchenware,Toys,26.84,168.0,Supplier_36,3.2,394.0
P0596,Fashion Groceries,Toys,435.42,293.0,Supplier_8,4.1,412.0
P0597,Classic Beauty,Skincare,190.24,145.0,Supplier_14,3.4,
P0598,Elegant Bag,Toys,733.91,,Supplier_6,5.0,377.0
P0599,Fashion Clothes,Accessories,441.03,247.0,Supplier_37,3.4,331.0
P0600,Elegant Bag,Kitchenware,504.88,88.0,,3.8,326.0
P0601,Modern Snacks,Bag,670.56,,Supplier_50,3.6,441.0
P0602,Premium Cosmetics,Kitchenware,903.88,135.0,Supplier_24,4.7,155.0
P0603,Super Food,Clothes,,260.0,Supplier_10,3.0,102.0
P0604,Elegant Skincare,Clothes,912.07,52.0,Supplier_9,4.3,410.0
P0605,Elegant Cosmetics,Food,44.81,85.0,Supplier_15,4.8,497.0
P0606,Elegant Furniture,Shoes,373.25,453.0,Supplier_14,,55.0
P0607,Super Groceries,Cosmetics,505.26,251.0,Supplier_41,3.4,115.0
P0608,Premium Skincare,Furniture,7.83,,Supplier_18,3.8,399.0
P0609,Ultra Beauty,Food,786.89,476.0,Supplier_27,,116.0
P0610,Stylish Clothes,Furniture,803.51,459.0,,4.1,143.0
P0611,,Furniture,536.9,446.0,,3.7,240.0
P0612,Elegant Beauty,Beauty,833.97,468.0,Supplier_38,4.7,193.0
P0613,Fashion Accessories,Kitchenware,402.25,46.0,Supplier_17,3.3,195.0
P0614,Elegant Groceries,Food,243.3,355.0,Supplier_1,3.3,210.0
P0615,Stylish Groceries,Groceries,524.68,136.0,Supplier_29,4.1,351.0
P0616,Ultra Skincare,Furniture,173.11,57.0,,3.3,149.0
P0617,Modern Furniture,Skincare,170.72,462.0,Supplier_30,,458.0
P0618,Super Beauty,Skincare,459.35,448.0,Supplier_31,4.3,211.0
P0619,Fashion Shoes,,262.99,54.0,Supplier_45,4.3,144.0
P0620,Stylish Furniture,Cosmetics,944.26,166.0,Supplier_40,3.2,131.0
P0621,Affordable Furniture,Clothes,394.67,117.0,Supplier_32,3.9,43.0
P0622,Ultra Groceries,Cosmetics,260.48,72.0,Supplier_50,4.1,218.0
P0623,Ultra Accessories,Furniture,147.18,36.0,Supplier_27,4.8,332.0
P0624,Affordable Beauty,Kitchenware,864.27,181.0,Supplier_17,4.6,294.0
P0625,Affordable Snacks,,594.97,,Supplier_42,4.7,126.0
P0626,Affordable Groceries,Snacks,569.05,284.0,Supplier_29,3.0,32.0
P0627,Mega Groceries,Kitchenware,,43.0,Supplier_3,4.4,268.0
P0628,Stylish Snacks,Food,62.16,157.0,Supplier_33,3.9,142.0
P0629,Premium Snacks,Accessories,303.44,301.0,Supplier_39,4.3,174.0
P0630,,Shoes,341.05,87.0,Supplier_43,4.7,265.0
P0631,,Food,266.92,476.0,Supplier_40,4.6,176.0
P0632,Super Bag,Clothes,277.7,87.0,Supplier_26,3.5,307.0
P0633,Elegant Food,Skincare,927.32,314.0,Supplier_14,3.5,63.0
P0634,,Kitchenware,126.78,198.0,Supplier_29,3.9,399.0
P0635,Classic Clothes,Furniture,,339.0,Supplier_42,3.3,189.0
P0636,Super Food,Toys,911.59,210.0,Supplier_30,4.1,95.0
P0637,Stylish Skincare,Food,719.26,420.0,Supplier_43,4.5,361.0
P0638,Stylish Groceries,Toys,83.98,53.0,Supplier_22,3.9,315.0
P0639,Super Snacks,Skincare,944.05,164.0,Supplier_46,4.3,443.0
P0640,Ultra Food,Bag,731.73,,Supplier_45,4.2,296.0
P0641,Stylish Skincare,Cosmetics,930.73,204.0,Supplier_26,4.3,449.0
P0642,Fashion Cosmetics,Cosmetics,542.32,145.0,Supplier_3,4.2,220.0
P0643,Stylish Groceries,Bag,141.78,19.0,Supplier_36,4.6,305.0
P0644,Ultra Skincare,Cosmetics,45.09,59.0,Supplier_22,,410.0
P0645,Super Furniture,Bag,100.71,161.0,Supplier_36,4.0,320.0
P0646,Affordable Accessories,Bag,869.02,448.0,Supplier_8,4.9,279.0
P0647,Premium Cosmetics,Clothes,162.52,281.0,Supplier_8,4.4,72.0
P0648,Mega Beauty,Food,,352.0,Supplier_34,,109.0
P0649,,Food,848.58,130.0,Supplier_7,4.8,219.0
P0650,,Bag,409.76,449.0,Supplier_36,3.8,223.0
P0651,Super Accessories,Snacks,237.55,224.0,Supplier_42,3.6,201.0
P0652,Fashion Furniture,,26.57,49.0,Supplier_48,3.7,371.0
P0653,Stylish Beauty,Kitchenware,320.92,108.0,Supplier_34,3.2,95.0
P0654,Mega Groceries,Cosmetics,821.9,419.0,Supplier_50,3.7,98.0
P0655,Ultra Food,Toys,984.09,374.0,Supplier_36,3.6,212.0
P0656,Fashion Accessories,Beauty,433.92,107.0,Supplier_49,3.4,386.0
P0657,Affordable Cosmetics,,51.12,,Supplier_6,3.6,457.0
P0658,Affordable Furniture,Furniture,882.05,173.0,Supplier_10,,469.0
P0659,Super Food,Toys,314.04,94.0,Supplier_38,4.0,144.0
P0660,Elegant Groceries,Accessories,388.35,338.0,Supplier_31,4.3,120.0
P0661,Classic Toys,Toys,310.19,221.0,Supplier_30,3.2,141.0
P0662,Stylish Furniture,Skincare,374.01,33.0,Supplier_20,3.7,73.0
P0663,Mega Bag,Skincare,95.89,491.0,Supplier_1,4.2,200.0
P0664,Premium Clothes,Toys,535.97,239.0,Supplier_41,3.5,162.0
P0665,Elegant Clothes,Shoes,122.85,193.0,Supplier_28,4.4,135.0
P0666,Modern Bag,Bag,569.86,452.0,Supplier_1,,468.0
P0667,Ultra Snacks,Clothes,602.35,256.0,Supplier_42,3.1,82.0
P0668,Affordable Shoes,Shoes,964.46,153.0,Supplier_4,4.4,127.0
P0669,Mega Food,Cosmetics,429.6,78.0,Supplier_43,3.8,444.0
P0670,Fashion Clothes,Groceries,722.6,56.0,Supplier_32,3.4,148.0
P0671,Fashion Snacks,Toys,987.29,400.0,Supplier_13,4.3,133.0
P0672,Affordable Groceries,Bag,177.02,140.0,Supplier_36,4.6,6.0
P0673,Elegant Kitchenware,Kitchenware,545.92,464.0,Supplier_36,3.5,355.0
P0674,Ultra Clothes,Shoes,670.51,,Supplier_47,4.1,16.0
P0675,Stylish Bag,Furniture,33.59,216.0,,3.5,273.0
P0676,Stylish Cosmetics,Groceries,695.94,12.0,Supplier_16,4.7,113.0
P0677,Super Skincare,Bag,417.66,18.0,Supplier_3,3.0,
P0678,Affordable Snacks,Bag,933.56,51.0,Supplier_6,3.1,311.0
P0679,Super Snacks,Accessories,204.21,,Supplier_31,3.4,173.0
P0680,Super Toys,Groceries,630.73,442.0,Supplier_34,3.9,327.0
P0681,Stylish Accessories,Toys,267.12,201.0,Supplier_27,3.7,220.0
P0682,Stylish Skincare,Furniture,608.99,263.0,Supplier_26,4.2,41.0
P0683,Fashion Skincare,Shoes,682.08,399.0,Supplier_7,4.9,123.0
P0684,Stylish Food,Toys,865.88,391.0,Supplier_1,,34.0
P0685,Stylish Groceries,Cosmetics,,494.0,Supplier_41,3.8,218.0
P0686,Elegant Bag,,939.42,156.0,Supplier_39,4.9,20.0
P0687,Fashion Snacks,Furniture,987.32,271.0,Supplier_28,4.9,296.0
P0688,Stylish Snacks,Food,497.52,500.0,Supplier_39,4.1,62.0
P0689,Ultra Groceries,Beauty,835.64,83.0,Supplier_38,3.1,60.0
P0690,Super Beauty,Accessories,876.1,482.0,Supplier_20,3.7,458.0
P0691,Stylish Kitchenware,Groceries,935.94,371.0,Supplier_40,4.4,418.0
P0692,Affordable Snacks,Accessories,253.43,123.0,Supplier_13,3.6,106.0
P0693,Classic Beauty,Accessories,839.68,154.0,Supplier_31,4.8,233.0
P0694,Super Kitchenware,Furniture,524.28,401.0,Supplier_41,3.6,261.0
P0695,Mega Furniture,Skincare,623.22,223.0,Supplier_3,5.0,39.0
P0696,,Toys,402.27,26.0,Supplier_40,3.4,330.0
P0697,Elegant Beauty,Accessories,37.43,49.0,Supplier_6,4.9,62.0
P0698,Stylish Accessories,Kitchenware,994.48,305.0,Supplier_25,4.8,351.0
P0699,Modern Skincare,Toys,791.32,248.0,Supplier_8,4.5,221.0
P0700,Modern Beauty,Bag,874.4,15.0,Supplier_8,3.5,20.0
P0701,Modern Kitchenware,,808.75,475.0,Supplier_5,3.4,
P0702,Fashion Clothes,Beauty,702.55,216.0,Supplier_17,3.7,111.0
P0703,Affordable Skincare,,370.21,354.0,Supplier_12,4.4,61.0
P0704,Classic Groceries,Furniture,372.46,404.0,Supplier_26,3.2,478.0
P0705,Premium Shoes,Bag,487.27,254.0,Supplier_11,,362.0
P0706,Classic Shoes,Beauty,132.27,416.0,Supplier_39,3.8,332.0
P0707,,,476.13,346.0,Supplier_27,3.4,
P0708,Premium Cosmetics,Skincare,972.24,,Supplier_45,3.1,211.0
P0709,Mega Food,Clothes,599.47,53.0,Supplier_50,3.2,331.0
P0710,Super Groceries,Snacks,261.92,294.0,Supplier_33,4.1,247.0
P0711,Stylish Accessories,Snacks,973.32,471.0,Supplier_20,4.4,23.0
P0712,Ultra Snacks,Skincare,302.24,27.0,Supplier_5,3.1,72.0
P0713,Affordable Furniture,Beauty,,274.0,Supplier_30,5.0,29.0
P0714,Modern Skincare,Cosmetics,,75.0,Supplier_41,4.4,117.0
P0715,Elegant Skincare,Kitchenware,866.61,76.0,Supplier_33,4.1,28.0
P0716,Super Snacks,Skincare,310.37,255.0,Supplier_22,3.7,93.0
P0717,Fashion Shoes,Accessories,676.23,30.0,Supplier_22,4.2,
P0718,Ultra Groceries,Beauty,79.64,,Supplier_25,3.0,
P0719,Modern Beauty,Snacks,183.84,423.0,Supplier_47,4.2,381.0
P0720,Fashion Skincare,Skincare,814.03,181.0,Supplier_24,4.9,133.0
P0721,Stylish Clothes,Bag,762.85,442.0,Supplier_6,3.3,28.0
P0722,Ultra Kitchenware,Groceries,650.78,152.0,Supplier_33,3.5,190.0
P0723,Fashion Cosmetics,Food,288.76,373.0,Supplier_8,4.4,311.0
P0724,Classic Food,Furniture,187.94,95.0,Supplier_48,4.6,50.0
P0725,Premium Toys,Skincare,511.99,,Supplier_31,4.5,
P0726,Ultra Toys,Accessories,542.34,405.0,,4.0,229.0
P0727,Elegant Furniture,Skincare,827.64,409.0,Supplier_23,3.7,92.0
P0728,Stylish Skincare,Accessories,191.54,154.0,Supplier_9,3.8,
P0729,Elegant Bag,Skincare,753.35,77.0,Supplier_7,3.5,125.0
P0730,Mega Accessories,Bag,889.16,375.0,Supplier_50,3.3,315.0
P0731,Affordable Snacks,Clothes,905.49,43.0,Supplier_28,4.4,105.0
P0732,Premium Skincare,,313.3,317.0,Supplier_44,4.0,355.0
P0733,Classic Accessories,Groceries,336.15,238.0,Supplier_47,4.7,31.0
P0734,Modern Beauty,Beauty,253.71,227.0,Supplier_36,4.0,76.0
P0735,Fashion Snacks,Kitchenware,851.21,467.0,Supplier_50,4.9,259.0
P0736,Fashion Shoes,Clothes,615.14,116.0,Supplier_25,3.7,410.0
P0737,Elegant Shoes,Toys,971.26,307.0,Supplier_45,3.8,269.0
P0738,Premium Beauty,Shoes,272.54,381.0,Supplier_17,3.9,281.0
P0739,Ultra Snacks,Accessories,568.05,473.0,Supplier_1,4.7,379.0
P0740,,Toys,81.36,413.0,Supplier_46,3.4,402.0
P0741,Mega Snacks,Bag,916.05,378.0,Supplier_9,4.7,281.0
P0742,,Kitchenware,610.84,457.0,Supplier_46,4.5,71.0
P0743,Stylish Food,Clothes,773.63,,Supplier_3,,278.0
P0744,Modern Kitchenware,Clothes,257.37,392.0,Supplier_19,4.1,376.0
P0745,Mega Clothes,Accessories,17.67,470.0,,3.7,323.0
P0746,Affordable Snacks,Cosmetics,513.75,142.0,Supplier_1,4.9,108.0
P0747,Affordable Groceries,,168.79,322.0,Supplier_20,4.7,227.0
P0748,Ultra Toys,Toys,206.68,460.0,Supplier_5,4.4,378.0
P0749,Ultra Groceries,Accessories,974.5,231.0,Supplier_1,4.9,56.0
P0750,Fashion Clothes,Toys,55.41,269.0,Supplier_44,5.0,411.0
P0751,Fashion Groceries,Shoes,670.92,49.0,Supplier_27,4.4,285.0
P0752,Modern Food,Food,519.6,423.0,Supplier_6,3.4,459.0
P0753,Fashion Snacks,Toys,412.45,18.0,Supplier_2,3.3,98.0
P0754,Modern Beauty,Toys,837.81,314.0,Supplier_21,4.4,147.0
P0755,Premium Bag,Food,84.93,287.0,Supplier_20,4.9,128.0
P0756,Affordable Bag,Food,457.82,380.0,Supplier_25,3.0,485.0
P0757,Stylish Accessories,Snacks,,349.0,Supplier_36,4.8,333.0
P0758,Super Toys,Clothes,212.71,462.0,Supplier_26,3.1,53.0
P0759,Elegant Cosmetics,,402.94,437.0,Supplier_42,4.5,119.0
P0760,Affordable Snacks,Beauty,445.87,153.0,Supplier_1,3.2,33.0
P0761,Super Snacks,Groceries,621.06,313.0,Supplier_31,4.5,149.0
P0762,Affordable Kitchenware,Kitchenware,689.05,98.0,Supplier_50,3.9,172.0
P0763,Premium Accessories,Accessories,469.43,44.0,Supplier_42,4.7,141.0
P0764,Mega Snacks,Beauty,221.16,154.0,Supplier_50,3.6,348.0
P0765,Mega Furniture,Clothes,999.8,126.0,,4.6,217.0
P0766,Affordable Accessories,Toys,955.99,327.0,Supplier_22,4.0,254.0
P0767,Super Groceries,Shoes,426.92,300.0,Supplier_44,3.6,219.0
P0768,,Shoes,220.05,229.0,Supplier_45,4.1,154.0
P0769,Super Accessories,Shoes,652.69,289.0,Supplier_44,4.9,442.0
P0770,Elegant Groceries,Bag,370.47,93.0,Supplier_4,4.8,225.0
P0771,Mega Clothes,Cosmetics,308.29,58.0,Supplier_23,,497.0
P0772,Modern Skincare,Beauty,,275.0,Supplier_7,,25.0
P0773,Stylish Clothes,Accessories,968.9,117.0,Supplier_46,3.5,119.0
P0774,Elegant Beauty,Bag,221.35,472.0,Supplier_1,4.5,57.0
P0775,Mega Accessories,Skincare,480.72,98.0,Supplier_25,3.6,286.0
P0776,Super Beauty,Snacks,299.77,486.0,Supplier_14,4.0,355.0
P0777,Modern Accessories,Furniture,718.96,103.0,Supplier_42,3.4,269.0
P0778,Stylish Groceries,Accessories,,378.0,Supplier_47,3.5,69.0
P0779,Classic Furniture,Furniture,,246.0,Supplier_44,4.2,94.0
P0780,,Groceries,377.85,232.0,Supplier_4,3.6,461.0
P0781,Stylish Toys,Shoes,468.42,391.0,Supplier_3,4.0,132.0
P0782,,Toys,924.77,318.0,Supplier_27,3.2,81.0
P0783,Elegant Furniture,Bag,465.65,269.0,Supplier_22,3.1,219.0
P0784,Classic Groceries,,231.38,93.0,,4.0,429.0
P0785,Modern Accessories,Kitchenware,355.8,350.0,Supplier_7,4.4,314.0
P0786,Ultra Bag,Shoes,182.37,52.0,Supplier_24,4.0,58.0
P0787,Super Furniture,Furniture,,451.0,Supplier_30,4.5,62.0
P0788,Modern Snacks,Toys,758.11,330.0,Supplier_29,4.5,73.0
P0789,Stylish Kitchenware,Skincare,248.72,369.0,Supplier_26,3.4,128.0
P0790,Stylish Furniture,Beauty,525.65,18.0,Supplier_12,3.4,88.0
P0791,Stylish Shoes,Furniture,956.19,16.0,Supplier_30,4.8,393.0
P0792,Super Shoes,Beauty,821.0,181.0,Supplier_49,4.1,
P0793,Stylish Kitchenware,Clothes,921.66,57.0,Supplier_29,3.3,140.0
P0794,Mega Toys,Kitchenware,,283.0,Supplier_39,4.6,221.0
P0795,Fashion Snacks,Kitchenware,451.93,247.0,Supplier_6,3.6,55.0
P0796,Modern Skincare,Clothes,548.97,339.0,Supplier_8,,122.0
P0797,Premium Cosmetics,Clothes,,322.0,Supplier_10,3.7,170.0
P0798,Affordable Toys,Furniture,177.46,127.0,Supplier_12,3.6,327.0
P0799,Modern Toys,Skincare,672.8,382.0,Supplier_25,4.3,333.0
P0800,Elegant Snacks,Food,999.01,366.0,Supplier_8,4.8,
P0801,Ultra Snacks,Snacks,282.62,58.0,Supplier_47,4.2,340.0
P0802,Super Cosmetics,Beauty,349.42,460.0,Supplier_22,3.9,196.0
P0803,Fashion Shoes,Cosmetics,151.73,249.0,Supplier_14,4.3,238.0
P0804,Classic Clothes,Kitchenware,281.08,25.0,Supplier_11,5.0,320.0
P0805,Mega Kitchenware,Snacks,600.79,143.0,Supplier_35,4.7,352.0
P0806,Stylish Clothes,Beauty,78.95,66.0,Supplier_28,3.3,323.0
P0807,Mega Toys,Food,358.23,365.0,Supplier_21,5.0,274.0
P0808,Fashion Cosmetics,Skincare,199.25,453.0,Supplier_47,4.8,58.0
P0809,Ultra Accessories,Kitchenware,270.34,432.0,Supplier_5,4.1,351.0
P0810,Affordable Furniture,Skincare,627.85,60.0,Supplier_25,4.5,22.0
P0811,Classic Beauty,Clothes,96.47,232.0,Supplier_22,4.2,75.0
P0812,Affordable Accessories,,425.85,202.0,Supplier_37,3.6,195.0
P0813,Premium Groceries,Kitchenware,195.46,305.0,Supplier_25,4.8,461.0
P0814,Elegant Kitchenware,Groceries,756.95,97.0,Supplier_35,4.5,487.0
P0815,Ultra Bag,Accessories,,381.0,Supplier_37,3.9,234.0
P0816,Super Food,,145.26,296.0,Supplier_7,4.4,110.0
P0817,Elegant Toys,Shoes,56.0,265.0,Supplier_17,3.3,403.0
P0818,Premium Shoes,Kitchenware,5.37,299.0,Supplier_37,4.3,399.0
P0819,Ultra Furniture,Food,224.44,472.0,,4.1,306.0
P0820,Mega Clothes,Accessories,621.53,182.0,Supplier_33,3.6,187.0
P0821,Affordable Accessories,Groceries,,314.0,Supplier_33,3.4,327.0
P0822,Affordable Toys,Clothes,203.91,55.0,Supplier_32,4.8,
P0823,Mega Skincare,Beauty,180.51,339.0,Supplier_8,4.7,233.0
P0824,Super Bag,Bag,268.49,384.0,Supplier_10,3.5,132.0
P0825,Modern Kitchenware,Shoes,630.12,465.0,Supplier_29,3.2,201.0
P0826,Classic Kitchenware,Shoes,365.04,201.0,Supplier_28,3.5,215.0
P0827,Affordable Toys,Furniture,572.42,313.0,Supplier_33,3.6,220.0
P0828,Fashion Food,Beauty,963.2,27.0,Supplier_27,3.0,440.0
P0829,Fashion Bag,Kitchenware,920.63,340.0,Supplier_39,3.4,335.0
P0830,Fashion Groceries,Skincare,922.96,279.0,Supplier_2,4.0,316.0
P0831,Premium Cosmetics,,519.25,277.0,Supplier_40,4.6,266.0
P0832,Stylish Snacks,Food,819.42,82.0,Supplier_37,4.1,462.0
P0833,Mega Kitchenware,Food,946.12,275.0,Supplier_47,4.2,47.0
P0834,Classic Kitchenware,Accessories,435.7,385.0,Supplier_27,4.5,201.0
P0835,Affordable Food,Kitchenware,819.45,268.0,Supplier_36,3.9,427.0
P0836,Fashion Furniture,,855.67,462.0,,3.0,139.0
P0837,Ultra Accessories,Skincare,891.88,120.0,Supplier_21,3.1,392.0
P0838,Fashion Furniture,Snacks,477.7,392.0,Supplier_18,4.3,223.0
P0839,Affordable Clothes,,799.74,116.0,Supplier_32,3.2,494.0
P0840,Elegant Clothes,Skincare,674.6,401.0,,4.0,70.0
P0841,Premium Skincare,,994.11,295.0,Supplier_40,3.3,376.0
P0842,Modern Skincare,Food,401.44,46.0,Supplier_42,4.1,171.0
P0843,Classic Groceries,Food,629.57,341.0,Supplier_16,3.8,100.0
P0844,Elegant Toys,Food,500.28,345.0,Supplier_35,4.2,20.0
P0845,Super Beauty,Cosmetics,511.48,388.0,Supplier_35,3.7,149.0
P0846,Classic Clothes,Accessories,77.47,467.0,Supplier_15,4.5,406.0
P0847,Modern Shoes,Skincare,964.79,37.0,Supplier_36,3.6,
P0848,Ultra Beauty,Clothes,396.92,,Supplier_45,3.7,259.0
P0849,,Clothes,819.98,133.0,Supplier_9,4.6,135.0
P0850,Affordable Snacks,Furniture,195.72,443.0,Supplier_45,3.6,16.0
P0851,Premium Snacks,Cosmetics,375.17,347.0,Supplier_21,4.4,384.0
P0852,Elegant Toys,Cosmetics,629.72,215.0,,,108.0
P0853,Elegant Bag,Bag,585.87,121.0,Supplier_22,,233.0
P0854,Elegant Shoes,Accessories,720.96,480.0,Supplier_15,4.5,17.0
P0855,Stylish Toys,Beauty,792.04,134.0,Supplier_31,3.4,495.0
P0856,Ultra Cosmetics,Clothes,761.6,281.0,Supplier_13,3.1,202.0
P0857,Elegant Snacks,Groceries,336.0,291.0,Supplier_6,3.4,97.0
P0858,Ultra Groceries,Cosmetics,394.14,156.0,Supplier_22,3.8,410.0
P0859,Ultra Food,Bag,593.47,86.0,Supplier_27,4.6,117.0
P0860,Super Kitchenware,Accessories,358.85,87.0,Supplier_4,4.0,101.0
P0861,Classic Accessories,Snacks,766.41,70.0,Supplier_6,4.2,205.0
P0862,Mega Snacks,Groceries,969.58,182.0,Supplier_16,4.3,445.0
P0863,Fashion Cosmetics,Toys,477.23,238.0,Supplier_38,3.4,8.0
P0864,Mega Clothes,Beauty,819.87,443.0,Supplier_21,,77.0
P0865,Ultra Shoes,Skincare,99.25,53.0,Supplier_5,3.5,47.0
P0866,Stylish Food,Furniture,878.75,143.0,,4.4,38.0
P0867,Classic Groceries,Snacks,11.2,352.0,Supplier_39,4.2,231.0
P0868,Ultra Skincare,Shoes,708.42,135.0,Supplier_17,3.1,137.0
P0869,Super Beauty,Accessories,569.21,247.0,Supplier_29,4.7,
P0870,Classic Kitchenware,Bag,363.33,284.0,Supplier_19,4.1,178.0
P0871,Stylish Groceries,Snacks,217.06,24.0,Supplier_1,4.0,364.0
P0872,Premium Bag,Skincare,539.93,451.0,Supplier_1,3.7,209.0
P0873,Modern Cosmetics,Snacks,848.36,396.0,Supplier_42,4.4,485.0
P0874,Stylish Furniture,Skincare,893.12,313.0,Supplier_32,4.2,240.0
P0875,Modern Snacks,Accessories,115.31,251.0,Supplier_22,,136.0
P0876,Super Toys,Clothes,171.31,325.0,Supplier_40,3.7,478.0
P0877,Super Groceries,Beauty,,277.0,Supplier_39,3.6,198.0
P0878,Super Clothes,Cosmetics,318.86,81.0,Supplier_21,3.7,145.0
P0879,Elegant Cosmetics,Clothes,127.12,458.0,Supplier_26,3.5,300.0
P0880,Elegant Accessories,Snacks,523.14,146.0,Supplier_18,3.6,198.0
P0881,Classic Toys,Cosmetics,673.32,189.0,Supplier_25,3.4,319.0
P0882,Modern Beauty,Kitchenware,10.62,437.0,Supplier_13,4.0,109.0
P0883,Elegant Toys,Shoes,177.4,227.0,Supplier_50,3.8,415.0
P0884,Classic Accessories,Skincare,249.51,,Supplier_11,4.6,215.0
P0885,Modern Shoes,Bag,519.85,362.0,Supplier_4,4.0,52.0
P0886,Premium Skincare,Furniture,757.72,316.0,Supplier_26,3.9,363.0
P0887,Modern Food,Skincare,471.34,458.0,Supplier_20,3.3,370.0
P0888,Elegant Food,Cosmetics,701.78,62.0,Supplier_42,4.5,369.0
P0889,Fashion Shoes,Cosmetics,466.38,164.0,Supplier_32,4.7,292.0
P0890,Modern Cosmetics,Shoes,823.74,228.0,Supplier_38,4.9,226.0
P0891,Stylish Cosmetics,Groceries,933.5,87.0,Supplier_50,,
P0892,Stylish Beauty,Accessories,72.5,316.0,Supplier_2,3.6,
P0893,Classic Toys,Bag,398.73,380.0,Supplier_19,4.5,233.0
P0894,,Shoes,567.65,456.0,,3.5,472.0
P0895,Ultra Skincare,Furniture,425.53,48.0,Supplier_24,4.8,128.0
P0896,Affordable Beauty,Bag,460.59,338.0,Supplier_45,,407.0
P0897,Classic Furniture,,260.08,391.0,Supplier_14,3.1,177.0
P0898,Premium Cosmetics,Skincare,889.62,249.0,Supplier_7,3.6,46.0
P0899,Fashion Clothes,Snacks,910.71,131.0,Supplier_38,4.7,67.0
P0900,Fashion Food,Beauty,502.94,330.0,Supplier_34,3.6,457.0
P0901,Classic Toys,Snacks,,491.0,Supplier_38,3.8,303.0
P0902,Classic Skincare,Cosmetics,826.85,87.0,Supplier_21,4.6,299.0
P0903,Classic Clothes,Clothes,699.46,,Supplier_35,4.5,373.0
P0904,Super Furniture,Beauty,,405.0,Supplier_8,3.8,209.0
P0905,,Accessories,977.13,344.0,Supplier_22,3.4,128.0
P0906,Stylish Cosmetics,Snacks,,216.0,Supplier_13,4.2,102.0
P0907,Ultra Snacks,Clothes,731.29,322.0,Supplier_39,4.7,168.0
P0908,Fashion Toys,Beauty,981.98,255.0,Supplier_32,5.0,51.0
P0909,Fashion Skincare,Shoes,564.57,422.0,Supplier_41,4.9,415.0
P0910,Fashion Kitchenware,Accessories,376.88,235.0,Supplier_5,3.9,248.0
P0911,Stylish Cosmetics,Bag,633.19,79.0,Supplier_16,3.1,370.0
P0912,Premium Kitchenware,Bag,21.01,257.0,Supplier_22,3.2,183.0
P0913,Elegant Snacks,Cosmetics,862.63,350.0,Supplier_28,4.1,128.0
P0914,Affordable Clothes,Cosmetics,615.83,371.0,Supplier_5,4.6,165.0
P0915,Affordable Furniture,Kitchenware,,247.0,Supplier_37,4.1,211.0
P0916,Elegant Accessories,,512.89,435.0,Supplier_43,4.6,163.0
P0917,Elegant Cosmetics,Groceries,948.92,197.0,Supplier_13,4.2,407.0
P0918,Mega Groceries,Food,149.94,401.0,Supplier_35,3.5,446.0
P0919,Affordable Snacks,Food,743.05,380.0,Supplier_46,3.4,13.0
P0920,Stylish Groceries,Cosmetics,319.23,368.0,Supplier_4,4.8,209.0
P0921,Affordable Toys,Accessories,831.9,102.0,Supplier_29,4.5,381.0
P0922,Ultra Furniture,Groceries,777.77,426.0,Supplier_42,4.8,13.0
P0923,Affordable Beauty,Snacks,925.74,382.0,Supplier_14,3.6,159.0
P0924,Premium Groceries,Beauty,7.0,116.0,Supplier_7,4.7,284.0
P0925,Affordable Food,Accessories,419.07,236.0,Supplier_2,4.8,286.0
P0926,Fashion Shoes,Kitchenware,91.52,350.0,Supplier_35,3.8,332.0
P0927,,Snacks,709.72,322.0,Supplier_50,3.1,162.0
P0928,Premium Bag,Snacks,7.9,40.0,Supplier_17,,207.0
P0929,Stylish Groceries,Groceries,839.59,269.0,,3.5,322.0
P0930,Fashion Beauty,Snacks,120.22,397.0,Supplier_1,3.4,312.0
P0931,Fashion Furniture,Bag,260.36,268.0,Supplier_45,3.2,416.0
P0932,Ultra Groceries,Cosmetics,47.79,263.0,Supplier_14,3.6,462.0
P0933,Modern Shoes,,441.87,77.0,,4.4,30.0
P0934,Affordable Cosmetics,Cosmetics,456.82,87.0,Supplier_23,4.7,162.0
P0935,Fashion Kitchenware,Furniture,650.77,,Supplier_43,3.2,476.0
P0936,Stylish Furniture,Toys,850.42,453.0,Supplier_7,4.1,142.0
P0937,Elegant Groceries,Furniture,192.25,28.0,Supplier_27,3.8,342.0
P0938,Affordable Accessories,Skincare,400.07,80.0,Supplier_34,4.4,13.0
P0939,Stylish Cosmetics,,72.32,,Supplier_37,4.0,59.0
P0940,Ultra Toys,Accessories,66.61,130.0,Supplier_18,4.3,225.0
P0941,Mega Snacks,Skincare,645.26,,Supplier_28,3.1,301.0
P0942,Mega Snacks,Accessories,805.98,465.0,,4.0,411.0
P0943,Stylish Beauty,,766.04,287.0,Supplier_37,4.3,376.0
P0944,Classic Furniture,Bag,744.49,355.0,Supplier_33,3.1,173.0
P0945,Affordable Toys,,880.4,62.0,Supplier_41,3.6,351.0
P0946,Classic Beauty,Furniture,89.68,12.0,Supplier_30,4.7,16.0
P0947,Elegant Skincare,Toys,815.09,357.0,Supplier_23,3.3,386.0
P0948,,Snacks,364.17,118.0,Supplier_19,3.4,398.0
P0949,Stylish Beauty,Accessories,839.9,191.0,Supplier_7,4.5,148.0
P0950,,Groceries,264.0,49.0,Supplier_40,4.9,187.0
P0951,Fashion Shoes,Snacks,248.99,11.0,Supplier_30,4.5,126.0
P0952,Fashion Kitchenware,Bag,69.23,291.0,Supplier_13,4.5,213.0
P0953,Mega Cosmetics,Toys,674.07,275.0,Supplier_22,4.9,468.0
P0954,,Accessories,416.53,278.0,Supplier_43,4.7,218.0
P0955,Premium Furniture,Cosmetics,660.48,231.0,Supplier_35,3.7,94.0
P0956,Premium Snacks,Cosmetics,470.91,152.0,Supplier_26,4.4,152.0
P0957,Elegant Bag,Accessories,161.51,323.0,Supplier_39,4.4,176.0
P0958,Stylish Bag,Cosmetics,61.51,158.0,Supplier_13,4.5,37.0
P0959,Stylish Furniture,Shoes,47.99,455.0,Supplier_30,3.6,333.0
P0960,,Snacks,972.83,329.0,Supplier_45,4.4,496.0
P0961,Premium Bag,Snacks,678.42,167.0,Supplier_42,4.1,307.0
P0962,Premium Kitchenware,Beauty,,206.0,Supplier_39,3.4,156.0
P0963,,Skincare,186.59,197.0,Supplier_6,4.8,161.0
P0964,Stylish Shoes,Shoes,111.74,,Supplier_49,,297.0
P0965,Super Beauty,Food,750.54,113.0,Supplier_28,3.5,227.0
P0966,Ultra Toys,Cosmetics,140.22,251.0,Supplier_49,3.6,346.0
P0967,Modern Cosmetics,Shoes,,416.0,Supplier_11,4.8,97.0
P0968,Stylish Toys,Kitchenware,569.66,201.0,Supplier_36,4.7,123.0
P0969,Mega Cosmetics,Clothes,43.55,237.0,Supplier_41,4.4,101.0
P0970,Super Skincare,Accessories,801.39,495.0,Supplier_49,4.3,57.0
P0971,Elegant Toys,Kitchenware,94.21,442.0,Supplier_20,3.9,389.0
P0972,Modern Toys,Shoes,,399.0,Supplier_12,3.9,222.0
P0973,Affordable Groceries,Bag,70.73,22.0,Supplier_35,3.8,339.0
P0974,Classic Food,Kitchenware,319.39,179.0,Supplier_36,4.0,366.0
P0975,Premium Snacks,Groceries,799.28,170.0,Supplier_21,3.2,482.0
P0976,Premium Beauty,Food,256.13,407.0,Supplier_6,3.9,404.0
P0977,Elegant Cosmetics,Clothes,51.98,241.0,Supplier_30,3.3,83.0
P0978,Fashion Kitchenware,Beauty,564.83,471.0,Supplier_25,4.6,321.0
P0979,,Snacks,,19.0,Supplier_3,3.4,477.0
P0980,Elegant Shoes,Bag,881.59,460.0,Supplier_10,4.6,329.0
P0981,,Beauty,411.63,76.0,Supplier_6,3.9,483.0
P0982,Mega Kitchenware,Accessories,12.72,137.0,Supplier_46,4.6,266.0
P0983,Classic Snacks,Skincare,86.25,409.0,Supplier_29,4.9,379.0
P0984,Elegant Accessories,Clothes,,447.0,Supplier_37,3.4,314.0
P0985,Fashion Furniture,Bag,778.01,37.0,Supplier_5,3.4,90.0
P0986,Mega Furniture,Accessories,780.61,133.0,Supplier_16,4.3,278.0
P0987,Fashion Clothes,Clothes,677.68,495.0,Supplier_8,4.9,35.0
P0988,Stylish Bag,Furniture,671.28,278.0,Supplier_27,3.1,140.0
P0989,Mega Clothes,Cosmetics,100.21,98.0,Supplier_26,3.1,321.0
P0990,,Groceries,899.64,398.0,Supplier_12,,489.0
P0991,Super Furniture,Groceries,650.21,135.0,Supplier_46,3.1,260.0
P0992,Premium Clothes,Accessories,197.04,469.0,Supplier_14,4.7,115.0
P0993,Mega Food,Furniture,994.55,238.0,Supplier_21,4.9,
P0994,Ultra Accessories,Groceries,245.33,94.0,Supplier_29,4.5,6.0
P0995,Classic Groceries,Shoes,886.68,351.0,Supplier_48,4.3,402.0
P0996,Classic Cosmetics,Groceries,913.97,37.0,,3.9,490.0
P0997,Elegant Toys,Shoes,321.81,410.0,Supplier_38,3.8,451.0
P0998,Premium Skincare,Bag,161.93,376.0,Supplier_9,5.0,240.0
P0999,Affordable Bag,Beauty,428.63,12.0,Supplier_34,4.0,46.0
P1000,Mega Toys,Beauty,65.93,451.0,Supplier_38,4.9,424.0
P0522,Modern Beauty,Accessories,503.69,319.0,Supplier_45,3.8,114.0
P0738,Premium Beauty,Shoes,272.54,381.0,Supplier_17,3.9,281.0
P0741,Mega Snacks,Bag,916.05,378.0,Supplier_9,4.7,281.0
P0661,Classic Toys,Toys,310.19,221.0,Supplier_30,3.2,141.0
P0412,Modern Beauty,Bag,603.77,430.0,Supplier_3,3.7,381.0
P0679,Super Snacks,Accessories,204.21,,Supplier_31,3.4,173.0
P0627,Mega Groceries,Kitchenware,,43.0,Supplier_3,4.4,268.0
P0514,Fashion Snacks,Skincare,36.66,189.0,Supplier_32,4.9,358.0
P0860,Super Kitchenware,Accessories,358.85,87.0,Supplier_4,4.0,101.0
P0137,Premium Shoes,Food,48.89,298.0,Supplier_11,4.6,385.0
P0812,Affordable Accessories,,425.85,202.0,Supplier_37,3.6,195.0
P0077,,Cosmetics,457.79,425.0,Supplier_8,3.4,377.0
P0637,Stylish Skincare,Food,719.26,420.0,Supplier_43,4.5,361.0
P0974,Classic Food,Kitchenware,319.39,179.0,Supplier_36,4.0,366.0
P0939,Stylish Cosmetics,,72.32,,Supplier_37,4.0,59.0
P0900,Fashion Food,Beauty,502.94,330.0,Supplier_34,3.6,457.0
P0281,Modern Furniture,Shoes,855.57,252.0,Supplier_5,3.0,223.0
P0884,Classic Accessories,Skincare,249.51,,Supplier_11,4.6,215.0
P0762,Affordable Kitchenware,Kitchenware,689.05,98.0,Supplier_50,3.9,172.0
P0320,Affordable Bag,Food,432.49,118.0,Supplier_43,3.5,
P0550,Classic Clothes,Kitchenware,564.98,97.0,Supplier_40,4.8,92.0
P0175,Classic Toys,Skincare,449.84,43.0,Supplier_25,4.0,300.0
P0372,Classic Food,Food,352.73,85.0,Supplier_9,4.1,104.0
P0528,Premium Groceries,Kitchenware,306.97,44.0,Supplier_24,4.8,165.0
P0211,Stylish Skincare,Kitchenware,730.24,382.0,Supplier_28,4.0,60.0
P0236,Modern Food,Kitchenware,784.22,331.0,Supplier_36,4.3,295.0
P0102,Stylish Toys,Shoes,962.42,474.0,Supplier_17,3.1,469.0
P0987,Fashion Clothes,Clothes,677.68,495.0,Supplier_8,4.9,35.0
P0903,Classic Clothes,Clothes,699.46,,Supplier_35,4.5,373.0
P0948,,Snacks,364.17,118.0,Supplier_19,3.4,398.0
P0347,Affordable Skincare,Shoes,727.12,209.0,Supplier_49,3.2,491.0
P0140,Elegant Skincare,Kitchenware,695.28,317.0,Supplier_13,5.0,301.0
P0622,Ultra Groceries,Cosmetics,260.48,72.0,Supplier_50,4.1,218.0
P0500,Classic Furniture,Groceries,738.37,10.0,Supplier_38,3.7,
P0371,Elegant Beauty,Kitchenware,552.97,362.0,Supplier_41,4.2,13.0
P0199,Classic Furniture,Toys,672.72,421.0,Supplier_8,3.4,309.0
P0688,Stylish Snacks,Food,497.52,500.0,Supplier_39,4.1,62.0
P0585,Stylish Food,Clothes,650.77,35.0,Supplier_9,3.7,309.0
P0902,Classic Skincare,Cosmetics,826.85,87.0,Supplier_21,4.6,299.0
P0060,Elegant Accessories,Cosmetics,362.09,269.0,Supplier_16,4.3,152.0
P0329,Stylish Kitchenware,Shoes,446.43,26.0,Supplier_12,4.1,135.0
P0097,Affordable Groceries,Groceries,922.07,262.0,,4.7,159.0
P0313,Ultra Clothes,Clothes,736.29,166.0,,3.6,275.0
P0975,Premium Snacks,Groceries,799.28,170.0,Supplier_21,3.2,482.0
P0300,Elegant Cosmetics,Food,811.22,138.0,Supplier_30,3.3,290.0
P0278,Premium Furniture,Groceries,161.8,287.0,Supplier_49,3.1,
P0925,Affordable Food,Accessories,419.07,236.0,Supplier_2,4.8,286.0
P0602,Premium Cosmetics,Kitchenware,903.88,135.0,Supplier_24,4.7,155.0
P0440,Affordable Shoes,Kitchenware,338.03,114.0,Supplier_44,4.9,265.0
P0838,Fashion Furniture,Snacks,477.7,392.0,Supplier_18,4.3,223.0
